id,group_concat(Wdkon_Zones.name),,,,,,,,,,,,,,,,,,,,,,,,,,,,,,,
1,Z0407,Z0408,,,,,,,,,,,,,,,,,,,,,,,,,,,,,,
2,Z0411,Z0412,Z0413,Z0414,,,,,,,,,,,,,,,,,,,,,,,,,,,,
3,Z1892,Z1893,,,,,,,,,,,,,,,,,,,,,,,,,,,,,,
5,Z1662,Z1668,Z1674,Z1891,,,,,,,,,,,,,,,,,,,,,,,,,,,,
6,Z1666,Z1677,,,,,,,,,,,,,,,,,,,,,,,,,,,,,,
7,Z0429,Z0430,,,,,,,,,,,,,,,,,,,,,,,,,,,,,,
12,Z0014,Z0345,Z0346,Z0347,Z0467,Z0476,Z0483,Z0667,Z1065,Z1739,,,,,,,,,,,,,,,,,,,,,,
19,Z0477,Z0478,Z0479,Z0480,Z0484,Z0485,Z0486,Z0516,Z0517,Z0518,Z0532,Z0559,Z0560,Z0561,Z0562,Z0563,Z0956,Z0957,Z0961,Z0966,Z1068,Z1400,Z1538,Z1540,Z1541,Z1910,Z1914,,,,,
21,Z0531,Z0643,Z1417,Z1418,Z1421,Z1422,Z1427,Z1429,Z1430,Z1431,Z1432,Z1433,Z1434,Z1436,Z1437,Z1438,Z1917,Z1919,Z1920,Z1922,Z1923,Z1924,,,,,,,,,,
23,Z0151,Z0152,Z1315,Z1955,Z1956,Z1957,Z1958,,,,,,,,,,,,,,,,,,,,,,,,,
24,Z1306,Z1307,Z1309,Z1311,Z1312,Z1313,Z1314,Z1520,Z1961,,,,,,,,,,,,,,,,,,,,,,,
25,Z0042,Z1310,,,,,,,,,,,,,,,,,,,,,,,,,,,,,,
26,Z0155,Z0156,Z0157,Z0158,Z1551,,,,,,,,,,,,,,,,,,,,,,,,,,,
27,Z0153,Z0154,,,,,,,,,,,,,,,,,,,,,,,,,,,,,,
28,Z0043,Z0044,Z0045,Z0046,Z0047,Z0161,Z1336,Z1337,Z1338,Z1339,Z1340,Z1341,Z1342,Z1343,Z1344,Z1345,Z1346,Z1347,Z1348,Z1349,Z1960,,,,,,,,,,,
32,Z0036,Z1381,Z1382,,,,,,,,,,,,,,,,,,,,,,,,,,,,,
38,Z0598,Z0599,Z0600,Z0601,Z0602,Z0603,Z0604,Z0620,Z0959,Z0968,Z1420,Z1435,Z1740,Z1918,,,,,,,,,,,,,,,,,,
41,Z0041,Z0565,Z0566,Z1326,Z1328,Z1330,Z1331,Z1332,Z1334,Z1548,Z1555,Z1556,Z1557,Z1942,Z1943,,,,,,,,,,,,,,,,,
42,Z1308,Z1316,Z1317,Z1454,,,,,,,,,,,,,,,,,,,,,,,,,,,,
43,Z0067,Z0087,Z0088,Z0435,Z0686,Z1791,Z1792,Z1793,,,,,,,,,,,,,,,,,,,,,,,,
53,Z0440,Z0456,Z0458,,,,,,,,,,,,,,,,,,,,,,,,,,,,,
58,Z0605,Z0606,Z1723,,,,,,,,,,,,,,,,,,,,,,,,,,,,,
62,Z1278,Z1288,Z1460,Z1499,Z1513,Z1521,Z1559,Z1963,,,,,,,,,,,,,,,,,,,,,,,,
82,Z0427,Z0428,Z0607,Z0608,Z0609,,,,,,,,,,,,,,,,,,,,,,,,,,,
83,Z0597,,,,,,,,,,,,,,,,,,,,,,,,,,,,,,,
104,Z0081,Z0082,Z0083,Z0084,Z0085,Z1962,,,,,,,,,,,,,,,,,,,,,,,,,,
108,Z1558,,,,,,,,,,,,,,,,,,,,,,,,,,,,,,,
109,Z1419,Z1423,Z1424,Z1425,Z1426,Z1428,,,,,,,,,,,,,,,,,,,,,,,,,,
110,Z1658,Z1659,Z1678,,,,,,,,,,,,,,,,,,,,,,,,,,,,,
111,Z1663,Z1669,Z1671,,,,,,,,,,,,,,,,,,,,,,,,,,,,,
112,Z1660,Z1661,Z1664,,,,,,,,,,,,,,,,,,,,,,,,,,,,,
113,Z1657,Z1665,Z1673,,,,,,,,,,,,,,,,,,,,,,,,,,,,,
114,Z0425,Z0426,Z1675,Z1676,,,,,,,,,,,,,,,,,,,,,,,,,,,,
115,Z1667,Z1670,Z1672,,,,,,,,,,,,,,,,,,,,,,,,,,,,,
119,Z0421,Z0422,Z0424,,,,,,,,,,,,,,,,,,,,,,,,,,,,,
136,Z0002,Z1245,Z1249,Z1271,Z1284,Z1290,,,,,,,,,,,,,,,,,,,,,,,,,,
139,Z1393,,,,,,,,,,,,,,,,,,,,,,,,,,,,,,,
144,Z0159,Z0160,Z1463,Z1550,Z1688,,,,,,,,,,,,,,,,,,,,,,,,,,,
152,Z1447,Z1965,,,,,,,,,,,,,,,,,,,,,,,,,,,,,,
153,Z1459,Z1470,Z1495,,,,,,,,,,,,,,,,,,,,,,,,,,,,,
154,Z1466,Z1482,Z1484,Z1488,Z1491,Z1493,Z1503,Z1507,Z1508,Z1938,,,,,,,,,,,,,,,,,,,,,,
155,Z1462,Z1468,Z1469,Z1471,Z1477,Z1478,Z1498,,,,,,,,,,,,,,,,,,,,,,,,,
156,Z1465,Z1480,Z1481,Z1489,Z1490,Z1549,Z1939,,,,,,,,,,,,,,,,,,,,,,,,,
165,Z0005,Z0432,Z0433,Z0441,Z0452,Z0453,Z0454,Z0684,Z1680,Z1681,,,,,,,,,,,,,,,,,,,,,,
166,Z0004,Z0533,Z0537,Z0896,Z1682,Z1895,Z1896,Z1897,Z1898,Z1899,Z1900,Z1901,Z1902,Z1903,Z1907,,,,,,,,,,,,,,,,,
167,Z0523,Z0524,Z0525,Z0526,Z0527,Z0528,Z0529,Z0530,Z0534,Z0535,Z0536,Z0874,Z0887,Z0894,Z1554,Z1904,Z1905,Z1906,Z1908,Z1909,Z1911,Z1915,,,,,,,,,,
169,Z0457,Z1390,,,,,,,,,,,,,,,,,,,,,,,,,,,,,,
170,Z0434,,,,,,,,,,,,,,,,,,,,,,,,,,,,,,,
172,Z0614,Z0615,Z0616,Z0617,Z1542,,,,,,,,,,,,,,,,,,,,,,,,,,,
174,Z0437,Z0438,Z0439,Z0465,Z0466,Z0468,Z0469,Z0470,Z0471,Z0472,Z0473,Z0474,Z0475,Z0499,Z0502,Z0503,Z0504,Z0506,Z0509,Z0556,Z0557,Z0558,Z1066,Z1067,Z1389,Z1399,Z1401,Z1402,Z1539,,,
176,Z0149,Z0150,Z0567,Z0570,Z0596,Z1318,Z1574,,,,,,,,,,,,,,,,,,,,,,,,,
177,Z0295,Z0423,Z0642,Z0824,Z0875,Z0880,Z0882,Z1575,,,,,,,,,,,,,,,,,,,,,,,,
178,Z0459,Z0460,Z0510,Z0511,Z0512,Z0513,Z0514,,,,,,,,,,,,,,,,,,,,,,,,,
182,Z0436,Z0461,Z0462,Z0463,Z0464,Z0507,Z0508,Z1800,,,,,,,,,,,,,,,,,,,,,,,,
187,Z0450,Z0451,Z0564,,,,,,,,,,,,,,,,,,,,,,,,,,,,,
195,Z0568,Z0595,Z1244,Z1246,Z1247,Z1248,Z1253,Z1267,Z1275,Z1286,Z1297,Z1467,Z1474,Z1483,Z1485,Z1510,Z1512,Z1516,Z1517,,,,,,,,,,,,,
198,Z0003,Z1448,Z1449,Z1472,,,,,,,,,,,,,,,,,,,,,,,,,,,,
199,Z0455,,,,,,,,,,,,,,,,,,,,,,,,,,,,,,,
204,Z0006,Z0032,,,,,,,,,,,,,,,,,,,,,,,,,,,,,,
205,Z0001,Z1455,Z1933,,,,,,,,,,,,,,,,,,,,,,,,,,,,,
212,Z0400,Z0401,Z0402,Z0403,Z0404,Z0405,Z0406,Z1877,Z1878,,,,,,,,,,,,,,,,,,,,,,,
213,Z0409,Z0410,Z0415,Z0416,Z0417,Z0418,Z0419,Z0420,,,,,,,,,,,,,,,,,,,,,,,,
214,Z0103,Z0114,Z0115,Z0116,Z0117,Z0118,Z0487,Z0488,Z0501,Z0618,Z0619,Z0668,Z1047,Z1566,Z1567,Z1704,Z1726,Z1801,Z1802,Z1804,Z1805,,,,,,,,,,,
215,Z0519,Z0520,Z0521,Z0666,Z0964,Z1912,Z1913,Z1916,,,,,,,,,,,,,,,,,,,,,,,,
221,Z0201,Z0202,Z0203,Z0583,Z0584,Z0585,Z0586,Z0587,Z1299,Z1300,Z1301,Z1303,Z1304,Z1305,Z1363,Z1377,Z1456,Z1837,Z1839,,,,,,,,,,,,,
223,Z1476,Z1479,Z1496,Z1502,Z1504,Z1509,Z1511,Z1953,,,,,,,,,,,,,,,,,,,,,,,,
224,Z0569,Z0571,Z0572,Z0581,Z0582,Z0592,Z0593,Z0594,Z1250,Z1252,Z1264,Z1270,Z1272,Z1274,Z1277,Z1295,Z1461,Z1473,Z1475,Z1486,Z1487,Z1492,Z1494,Z1497,Z1500,Z1501,Z1505,Z1514,Z1518,Z1931,Z1948,Z1954
227,Z1642,Z1643,Z1644,,,,,,,,,,,,,,,,,,,,,,,,,,,,,
238,Z0250,Z0685,,,,,,,,,,,,,,,,,,,,,,,,,,,,,,
239,Z0682,Z0683,Z1940,,,,,,,,,,,,,,,,,,,,,,,,,,,,,
240,Z0294,Z0825,Z0826,Z0827,Z0828,Z0829,Z0831,Z0832,Z0833,Z0834,Z0835,Z1894,,,,,,,,,,,,,,,,,,,,
241,Z0068,Z1256,Z1257,Z1259,Z1260,Z1262,Z1266,Z1268,Z1269,Z1273,Z1279,Z1280,Z1281,Z1282,Z1283,Z1287,Z1289,Z1291,Z1293,Z1294,Z1457,Z1458,Z1464,Z1506,Z1944,Z1949,Z1950,Z1951,Z1952,,,
242,Z1569,Z1570,Z1571,Z1572,Z1573,,,,,,,,,,,,,,,,,,,,,,,,,,,
244,Z1515,,,,,,,,,,,,,,,,,,,,,,,,,,,,,,,
245,Z0443,Z0444,Z0445,Z0446,Z0447,Z1738,,,,,,,,,,,,,,,,,,,,,,,,,,
246,Z0500,,,,,,,,,,,,,,,,,,,,,,,,,,,,,,,
247,Z0449,,,,,,,,,,,,,,,,,,,,,,,,,,,,,,,
248,Z0448,,,,,,,,,,,,,,,,,,,,,,,,,,,,,,,
249,Z0481,Z0482,Z0494,Z0496,Z1797,,,,,,,,,,,,,,,,,,,,,,,,,,,
250,Z0059,Z1384,Z1808,,,,,,,,,,,,,,,,,,,,,,,,,,,,,
251,Z0102,Z1925,,,,,,,,,,,,,,,,,,,,,,,,,,,,,,
252,Z1285,,,,,,,,,,,,,,,,,,,,,,,,,,,,,,,
253,Z0096,Z0097,Z0098,Z0100,Z1741,Z1742,Z1941,,,,,,,,,,,,,,,,,,,,,,,,,
255,Z0091,,,,,,,,,,,,,,,,,,,,,,,,,,,,,,,
259,Z0573,Z1251,Z1254,,,,,,,,,,,,,,,,,,,,,,,,,,,,,
261,Z0399,Z1717,Z1718,Z1719,Z1720,Z1721,,,,,,,,,,,,,,,,,,,,,,,,,,
265,Z0849,Z0852,Z0878,Z0888,Z1724,,,,,,,,,,,,,,,,,,,,,,,,,,,
266,Z0104,Z0105,Z0106,Z0107,Z0108,Z0109,Z0110,Z0111,Z0112,Z0113,,,,,,,,,,,,,,,,,,,,,,
269,Z0396,Z0397,Z0398,Z0830,Z0839,Z0842,Z0846,Z0855,Z0859,Z1884,,,,,,,,,,,,,,,,,,,,,,
271,Z0093,Z0094,Z0095,Z1685,Z1689,Z1690,Z1809,,,,,,,,,,,,,,,,,,,,,,,,,
273,Z0092,,,,,,,,,,,,,,,,,,,,,,,,,,,,,,,
277,Z0738,Z0750,Z0754,Z0755,Z0756,Z0757,Z0758,Z0759,Z0764,Z0765,Z0766,Z0767,Z1722,Z1734,Z1735,Z1864,Z1865,Z1867,Z1868,,,,,,,,,,,,,
281,Z0891,Z0893,Z0895,Z0897,Z0898,Z0900,Z0901,Z0904,Z0905,Z0906,Z1872,,,,,,,,,,,,,,,,,,,,,
282,Z0060,Z0876,Z0889,Z0899,Z1716,Z1876,,,,,,,,,,,,,,,,,,,,,,,,,,
286,Z0124,Z0574,Z0576,Z0577,Z0579,Z0580,Z1928,,,,,,,,,,,,,,,,,,,,,,,,,
306,Z1350,,,,,,,,,,,,,,,,,,,,,,,,,,,,,,,
319,Z0033,Z1840,,,,,,,,,,,,,,,,,,,,,,,,,,,,,,
320,Z0162,Z0163,Z0164,Z0165,Z0204,,,,,,,,,,,,,,,,,,,,,,,,,,,
324,Z0589,Z1366,Z1378,Z1380,,,,,,,,,,,,,,,,,,,,,,,,,,,,
325,Z1365,Z1374,Z1376,Z1838,,,,,,,,,,,,,,,,,,,,,,,,,,,,
326,Z0549,Z0550,Z0551,Z1088,Z1780,,,,,,,,,,,,,,,,,,,,,,,,,,,
327,Z0048,Z0049,Z0050,Z0051,Z0052,Z0053,Z0054,Z0055,Z0056,Z0057,Z0058,Z0634,Z0635,Z0636,Z0637,Z0638,Z1018,Z1050,Z1113,Z1526,Z1552,Z1553,Z1640,Z1706,Z1711,Z1712,Z1807,Z1814,Z1818,,,
329,Z1408,Z1409,Z1411,Z1412,Z1413,Z1934,,,,,,,,,,,,,,,,,,,,,,,,,,
330,Z1258,Z1261,Z1263,Z1333,Z1364,Z1367,Z1371,Z1373,Z1843,Z1844,Z1845,Z1846,,,,,,,,,,,,,,,,,,,,
331,Z1329,,,,,,,,,,,,,,,,,,,,,,,,,,,,,,,
332,Z0590,Z1410,,,,,,,,,,,,,,,,,,,,,,,,,,,,,,
333,Z0140,Z0591,Z1519,Z1841,Z1842,,,,,,,,,,,,,,,,,,,,,,,,,,,
334,Z0141,Z0142,Z1327,Z1335,Z1368,Z1370,Z1372,Z1379,Z1847,Z1932,Z1935,Z1936,Z1937,,,,,,,,,,,,,,,,,,,
343,Z0744,Z0747,Z0748,Z0749,Z0769,Z0770,Z0771,Z0772,Z0773,Z0774,Z1732,Z1733,Z1736,Z1873,Z1982,Z1987,,,,,,,,,,,,,,,,
344,Z0751,Z0752,Z0753,Z0760,Z0761,Z0762,,,,,,,,,,,,,,,,,,,,,,,,,,
345,Z0892,Z0902,Z0903,Z0908,Z0914,Z0916,Z0917,Z0938,Z0949,Z0955,Z0962,Z0963,Z1849,Z1869,Z1871,,,,,,,,,,,,,,,,,
346,Z0007,Z0008,Z0958,Z0960,Z0965,Z0967,Z0970,Z0971,Z0980,Z0989,Z0991,Z1020,Z1023,Z1026,Z1034,Z1044,Z1063,Z1522,Z1523,Z1524,Z1525,Z1645,Z1810,Z1811,Z1821,Z1822,,,,,,
347,Z1707,Z1708,Z1709,Z1710,,,,,,,,,,,,,,,,,,,,,,,,,,,,
348,Z0547,,,,,,,,,,,,,,,,,,,,,,,,,,,,,,,
349,Z0861,Z0862,Z0863,Z0864,Z1106,Z1647,,,,,,,,,,,,,,,,,,,,,,,,,,
350,Z0199,Z0200,,,,,,,,,,,,,,,,,,,,,,,,,,,,,,
351,Z0538,Z0539,Z0540,Z0541,Z0542,Z0543,Z0544,Z0629,Z0630,Z0631,Z0632,Z0633,Z1030,Z1037,Z1042,Z1046,Z1053,Z1086,Z1394,Z1395,Z1396,Z1397,Z1547,Z1812,Z1819,,,,,,,
352,Z0379,Z0380,Z0381,,,,,,,,,,,,,,,,,,,,,,,,,,,,,
353,Z0369,Z0370,Z0371,Z0372,Z0373,Z0374,Z0375,Z0376,Z0377,Z0378,Z0382,Z0383,Z1727,Z1861,Z1972,,,,,,,,,,,,,,,,,
356,Z0078,Z0763,Z0797,Z1324,Z1325,Z1786,Z1857,,,,,,,,,,,,,,,,,,,,,,,,,
357,Z1093,Z1107,,,,,,,,,,,,,,,,,,,,,,,,,,,,,,
358,Z0865,,,,,,,,,,,,,,,,,,,,,,,,,,,,,,,
359,Z0123,Z1611,Z1612,Z1613,,,,,,,,,,,,,,,,,,,,,,,,,,,,
360,Z0621,Z0622,Z0623,Z0624,,,,,,,,,,,,,,,,,,,,,,,,,,,,
361,Z0625,Z0626,Z0627,Z0628,Z1820,,,,,,,,,,,,,,,,,,,,,,,,,,,
362,Z0651,Z0652,Z1013,Z1021,Z1039,Z1052,Z1120,Z1813,Z1815,Z1816,Z1817,,,,,,,,,,,,,,,,,,,,,
363,Z0742,Z0743,Z0745,Z0746,Z0775,Z0776,Z0777,Z0778,Z0779,Z0780,Z0781,Z0782,Z0783,Z0784,Z0785,Z0786,Z0787,Z1701,Z1702,Z1729,Z1730,Z1731,Z1866,Z1870,,,,,,,,
364,Z1369,Z1375,Z1404,Z1405,Z1406,,,,,,,,,,,,,,,,,,,,,,,,,,,
365,Z0984,Z1024,Z1032,Z1035,Z1054,,,,,,,,,,,,,,,,,,,,,,,,,,,
366,Z1098,,,,,,,,,,,,,,,,,,,,,,,,,,,,,,,
368,Z0384,Z0385,Z0386,Z0387,Z0388,Z0389,Z0390,Z0391,Z0392,Z0393,Z0394,Z0395,Z0740,Z1785,Z1858,Z1859,,,,,,,,,,,,,,,,
369,Z1142,Z1143,Z1144,,,,,,,,,,,,,,,,,,,,,,,,,,,,,
370,Z0969,Z0974,Z0979,,,,,,,,,,,,,,,,,,,,,,,,,,,,,
371,Z0664,Z0931,Z0932,Z0935,Z0937,Z0939,Z0940,Z0941,Z0943,Z0945,Z0946,Z0978,Z0981,Z0988,Z0994,Z1826,Z1827,Z1828,Z1829,Z1830,Z1833,Z1834,Z1835,Z1836,,,,,,,,
372,Z0653,Z0654,Z0655,Z0656,Z0657,Z0658,Z0659,Z0660,Z0661,Z0662,Z0947,Z0950,Z0954,Z1831,Z1832,,,,,,,,,,,,,,,,,
376,Z1126,Z1779,,,,,,,,,,,,,,,,,,,,,,,,,,,,,,
377,Z1094,Z1777,,,,,,,,,,,,,,,,,,,,,,,,,,,,,,
378,Z0912,,,,,,,,,,,,,,,,,,,,,,,,,,,,,,,
379,Z0741,Z0768,Z0791,Z0792,Z0811,Z0812,Z0813,Z0821,Z0822,Z0823,,,,,,,,,,,,,,,,,,,,,,
380,Z0079,Z0639,Z0640,Z0641,Z0649,Z1637,Z1641,,,,,,,,,,,,,,,,,,,,,,,,,
381,Z1116,Z1117,,,,,,,,,,,,,,,,,,,,,,,,,,,,,,
382,Z0837,Z0838,Z0840,Z0841,Z0847,Z0853,Z0871,Z0877,Z0883,Z1385,Z1386,Z1388,Z1875,,,,,,,,,,,,,,,,,,,
383,Z0578,,,,,,,,,,,,,,,,,,,,,,,,,,,,,,,
384,Z0848,Z0856,Z0858,Z0860,Z1879,Z1881,Z1882,Z1883,,,,,,,,,,,,,,,,,,,,,,,,
385,Z0879,Z0881,Z0884,Z0885,Z0886,Z0890,Z1874,Z1887,Z1888,Z1889,Z1890,,,,,,,,,,,,,,,,,,,,,
386,Z0588,Z1292,Z1296,Z1298,Z1929,,,,,,,,,,,,,,,,,,,,,,,,,,,
389,Z0343,Z0836,Z0843,Z0844,Z0845,Z0851,Z0857,Z1885,,,,,,,,,,,,,,,,,,,,,,,,
390,Z1265,Z1276,,,,,,,,,,,,,,,,,,,,,,,,,,,,,,
391,Z0099,Z0101,Z1679,Z1806,,,,,,,,,,,,,,,,,,,,,,,,,,,,
392,Z0491,Z1796,,,,,,,,,,,,,,,,,,,,,,,,,,,,,,
393,Z0492,,,,,,,,,,,,,,,,,,,,,,,,,,,,,,,
394,Z0497,Z0498,Z0505,Z0553,Z0554,Z0555,Z1692,Z1794,Z1795,,,,,,,,,,,,,,,,,,,,,,,
396,Z0489,Z0490,Z0545,Z0546,Z0552,Z1398,Z1737,,,,,,,,,,,,,,,,,,,,,,,,,
398,Z0850,Z1880,,,,,,,,,,,,,,,,,,,,,,,,,,,,,,
399,Z0575,,,,,,,,,,,,,,,,,,,,,,,,,,,,,,,
401,Z0663,,,,,,,,,,,,,,,,,,,,,,,,,,,,,,,
404,Z1713,,,,,,,,,,,,,,,,,,,,,,,,,,,,,,,
412,Z1387,,,,,,,,,,,,,,,,,,,,,,,,,,,,,,,
417,Z0024,Z0025,,,,,,,,,,,,,,,,,,,,,,,,,,,,,,
419,Z1441,,,,,,,,,,,,,,,,,,,,,,,,,,,,,,,
421,Z0013,,,,,,,,,,,,,,,,,,,,,,,,,,,,,,,
422,Z0020,,,,,,,,,,,,,,,,,,,,,,,,,,,,,,,
425,Z0073,Z0348,,,,,,,,,,,,,,,,,,,,,,,,,,,,,,
426,Z0920,Z1579,Z1581,,,,,,,,,,,,,,,,,,,,,,,,,,,,,
427,Z0015,,,,,,,,,,,,,,,,,,,,,,,,,,,,,,,
428,Z0188,Z1985,Z1986,,,,,,,,,,,,,,,,,,,,,,,,,,,,,
430,Z0021,Z0022,,,,,,,,,,,,,,,,,,,,,,,,,,,,,,
432,Z0182,Z0184,,,,,,,,,,,,,,,,,,,,,,,,,,,,,,
433,Z0316,,,,,,,,,,,,,,,,,,,,,,,,,,,,,,,
434,Z0234,Z0235,,,,,,,,,,,,,,,,,,,,,,,,,,,,,,
435,Z0229,Z0230,Z0231,Z0232,Z0233,Z0239,Z0240,,,,,,,,,,,,,,,,,,,,,,,,,
436,Z0186,Z0187,,,,,,,,,,,,,,,,,,,,,,,,,,,,,,
437,Z0183,,,,,,,,,,,,,,,,,,,,,,,,,,,,,,,
438,Z0074,,,,,,,,,,,,,,,,,,,,,,,,,,,,,,,
439,Z0075,,,,,,,,,,,,,,,,,,,,,,,,,,,,,,,
440,Z0136,Z0243,Z0244,Z0245,Z1970,,,,,,,,,,,,,,,,,,,,,,,,,,,
441,Z0072,Z0355,Z1979,,,,,,,,,,,,,,,,,,,,,,,,,,,,,
442,Z1243,Z1444,,,,,,,,,,,,,,,,,,,,,,,,,,,,,,
443,Z1683,Z1684,,,,,,,,,,,,,,,,,,,,,,,,,,,,,,
444,Z0071,Z1781,,,,,,,,,,,,,,,,,,,,,,,,,,,,,,
445,Z0128,Z0129,Z0130,,,,,,,,,,,,,,,,,,,,,,,,,,,,,
446,Z1213,Z1224,,,,,,,,,,,,,,,,,,,,,,,,,,,,,,
447,Z0354,,,,,,,,,,,,,,,,,,,,,,,,,,,,,,,
448,Z1205,Z1207,Z1215,Z1220,,,,,,,,,,,,,,,,,,,,,,,,,,,,
449,Z0206,Z1750,Z1751,,,,,,,,,,,,,,,,,,,,,,,,,,,,,
451,Z1218,Z1229,Z1230,,,,,,,,,,,,,,,,,,,,,,,,,,,,,
452,Z1443,,,,,,,,,,,,,,,,,,,,,,,,,,,,,,,
453,Z0236,Z0241,Z1746,,,,,,,,,,,,,,,,,,,,,,,,,,,,,
455,Z0038,Z0039,Z1655,,,,,,,,,,,,,,,,,,,,,,,,,,,,,
456,Z0177,Z0178,Z0179,Z0180,Z1978,,,,,,,,,,,,,,,,,,,,,,,,,,,
460,Z1578,,,,,,,,,,,,,,,,,,,,,,,,,,,,,,,
461,Z0213,Z0214,Z1627,,,,,,,,,,,,,,,,,,,,,,,,,,,,,
462,Z1172,Z1180,,,,,,,,,,,,,,,,,,,,,,,,,,,,,,
463,Z1080,Z1204,Z1206,Z1210,Z1214,Z1217,Z1223,Z1355,Z1358,Z1360,Z1362,Z1686,,,,,,,,,,,,,,,,,,,,
464,Z0037,,,,,,,,,,,,,,,,,,,,,,,,,,,,,,,
469,Z0076,,,,,,,,,,,,,,,,,,,,,,,,,,,,,,,
470,Z0431,,,,,,,,,,,,,,,,,,,,,,,,,,,,,,,
473,Z0185,,,,,,,,,,,,,,,,,,,,,,,,,,,,,,,
474,Z0210,Z0211,Z0212,Z1629,,,,,,,,,,,,,,,,,,,,,,,,,,,,
477,Z0137,Z0138,Z0139,,,,,,,,,,,,,,,,,,,,,,,,,,,,,
478,Z0010,,,,,,,,,,,,,,,,,,,,,,,,,,,,,,,
480,Z0217,Z0218,Z0219,Z1745,,,,,,,,,,,,,,,,,,,,,,,,,,,,
481,Z0220,Z0221,Z1743,,,,,,,,,,,,,,,,,,,,,,,,,,,,,
484,Z0012,,,,,,,,,,,,,,,,,,,,,,,,,,,,,,,
488,Z0181,Z1576,,,,,,,,,,,,,,,,,,,,,,,,,,,,,,
490,Z0011,,,,,,,,,,,,,,,,,,,,,,,,,,,,,,,
492,Z0172,Z0175,Z0176,Z1628,,,,,,,,,,,,,,,,,,,,,,,,,,,,
498,Z0224,Z0225,Z0226,Z0227,Z0228,,,,,,,,,,,,,,,,,,,,,,,,,,,
499,Z1078,Z1211,Z1219,Z1221,Z1227,,,,,,,,,,,,,,,,,,,,,,,,,,,
500,Z1077,Z1212,Z1226,Z1228,Z1356,Z1357,Z1361,,,,,,,,,,,,,,,,,,,,,,,,,
501,Z1225,,,,,,,,,,,,,,,,,,,,,,,,,,,,,,,
504,Z0016,Z0017,Z0018,,,,,,,,,,,,,,,,,,,,,,,,,,,,,
506,Z1209,,,,,,,,,,,,,,,,,,,,,,,,,,,,,,,
511,Z0167,Z0168,Z0169,Z0170,Z0171,Z0173,Z0174,Z1233,Z1631,Z1632,,,,,,,,,,,,,,,,,,,,,,
525,Z0166,Z1630,,,,,,,,,,,,,,,,,,,,,,,,,,,,,,
526,Z1231,Z1235,,,,,,,,,,,,,,,,,,,,,,,,,,,,,,
527,Z1232,Z1234,,,,,,,,,,,,,,,,,,,,,,,,,,,,,,
528,Z0207,,,,,,,,,,,,,,,,,,,,,,,,,,,,,,,
530,Z0242,,,,,,,,,,,,,,,,,,,,,,,,,,,,,,,
531,Z0223,Z1749,,,,,,,,,,,,,,,,,,,,,,,,,,,,,,
532,Z0040,Z1442,Z1927,,,,,,,,,,,,,,,,,,,,,,,,,,,,,
533,Z1222,,,,,,,,,,,,,,,,,,,,,,,,,,,,,,,
534,Z1216,,,,,,,,,,,,,,,,,,,,,,,,,,,,,,,
538,Z0208,,,,,,,,,,,,,,,,,,,,,,,,,,,,,,,
540,Z1079,Z1208,Z1359,,,,,,,,,,,,,,,,,,,,,,,,,,,,,
542,Z0222,,,,,,,,,,,,,,,,,,,,,,,,,,,,,,,
544,Z1752,,,,,,,,,,,,,,,,,,,,,,,,,,,,,,,
548,Z0215,,,,,,,,,,,,,,,,,,,,,,,,,,,,,,,
549,Z0246,Z0247,,,,,,,,,,,,,,,,,,,,,,,,,,,,,,
550,Z0070,Z0919,Z1450,Z1451,Z1577,Z1607,Z1614,,,,,,,,,,,,,,,,,,,,,,,,,
551,Z0069,Z1703,,,,,,,,,,,,,,,,,,,,,,,,,,,,,,
553,Z0148,Z0297,Z0299,Z1151,Z1439,Z1440,,,,,,,,,,,,,,,,,,,,,,,,,,
562,Z0332,Z0333,Z1621,,,,,,,,,,,,,,,,,,,,,,,,,,,,,
569,Z0334,Z0335,,,,,,,,,,,,,,,,,,,,,,,,,,,,,,
575,Z0028,Z0029,,,,,,,,,,,,,,,,,,,,,,,,,,,,,,
576,Z0350,Z0351,,,,,,,,,,,,,,,,,,,,,,,,,,,,,,
577,Z0356,Z1236,Z1772,Z1773,,,,,,,,,,,,,,,,,,,,,,,,,,,,
584,Z0281,Z1580,,,,,,,,,,,,,,,,,,,,,,,,,,,,,,
585,Z0282,Z1416,Z1585,,,,,,,,,,,,,,,,,,,,,,,,,,,,,
588,Z0278,,,,,,,,,,,,,,,,,,,,,,,,,,,,,,,
589,Z0271,Z0272,Z0273,Z0274,Z0275,Z0276,Z0277,,,,,,,,,,,,,,,,,,,,,,,,,
590,Z0248,,,,,,,,,,,,,,,,,,,,,,,,,,,,,,,
591,Z1240,,,,,,,,,,,,,,,,,,,,,,,,,,,,,,,
595,Z0009,,,,,,,,,,,,,,,,,,,,,,,,,,,,,,,
596,Z0063,Z0249,Z1069,Z1697,Z1698,Z1699,Z1700,Z1974,Z1975,,,,,,,,,,,,,,,,,,,,,,,
598,Z1082,Z1083,Z1085,Z1203,Z1973,,,,,,,,,,,,,,,,,,,,,,,,,,,
602,Z0086,Z0349,Z0515,Z1977,,,,,,,,,,,,,,,,,,,,,,,,,,,,
603,Z0066,,,,,,,,,,,,,,,,,,,,,,,,,,,,,,,
610,Z0194,Z1145,Z1147,Z1149,,,,,,,,,,,,,,,,,,,,,,,,,,,,
611,Z1446,Z1543,Z1545,,,,,,,,,,,,,,,,,,,,,,,,,,,,,
612,Z0064,Z1081,Z1084,Z1150,Z1976,,,,,,,,,,,,,,,,,,,,,,,,,,,
613,Z0065,Z1544,,,,,,,,,,,,,,,,,,,,,,,,,,,,,,
614,Z1146,Z1148,Z1445,,,,,,,,,,,,,,,,,,,,,,,,,,,,,
617,Z0337,Z0688,Z1748,,,,,,,,,,,,,,,,,,,,,,,,,,,,,
618,Z0279,Z0280,Z1926,,,,,,,,,,,,,,,,,,,,,,,,,,,,,
621,Z0317,Z0318,Z0319,Z0320,Z0321,Z0322,Z0323,Z1415,Z1754,,,,,,,,,,,,,,,,,,,,,,,
622,Z1186,Z1187,Z1188,Z1774,Z1775,,,,,,,,,,,,,,,,,,,,,,,,,,,
625,Z0298,,,,,,,,,,,,,,,,,,,,,,,,,,,,,,,
626,Z1195,,,,,,,,,,,,,,,,,,,,,,,,,,,,,,,
627,Z1073,Z1173,Z1181,,,,,,,,,,,,,,,,,,,,,,,,,,,,,
628,Z0034,Z0035,Z0352,Z0353,Z1237,Z1238,Z1239,Z1241,Z1980,,,,,,,,,,,,,,,,,,,,,,,
629,Z0237,Z0238,,,,,,,,,,,,,,,,,,,,,,,,,,,,,,
630,Z0077,,,,,,,,,,,,,,,,,,,,,,,,,,,,,,,
631,Z0023,,,,,,,,,,,,,,,,,,,,,,,,,,,,,,,
634,Z0739,Z0793,Z0798,Z0799,Z0800,Z1787,Z1788,Z1789,,,,,,,,,,,,,,,,,,,,,,,,
656,Z0929,,,,,,,,,,,,,,,,,,,,,,,,,,,,,,,
657,Z0930,Z0933,Z0934,Z0936,Z0942,Z0944,Z0948,Z0951,Z0952,Z0953,Z0975,Z0976,Z0977,Z0982,Z0985,Z0990,Z0993,Z0995,Z0996,Z1762,Z1823,Z1824,,,,,,,,,,
658,Z0915,Z0921,Z0925,Z0926,Z0927,Z0928,Z1761,,,,,,,,,,,,,,,,,,,,,,,,,
660,Z1407,,,,,,,,,,,,,,,,,,,,,,,,,,,,,,,
663,Z1091,Z1102,Z1123,,,,,,,,,,,,,,,,,,,,,,,,,,,,,
664,Z0788,Z0789,Z0818,Z0819,,,,,,,,,,,,,,,,,,,,,,,,,,,,
666,Z1096,,,,,,,,,,,,,,,,,,,,,,,,,,,,,,,
667,Z1089,Z1108,Z1130,Z1132,Z1776,Z1778,,,,,,,,,,,,,,,,,,,,,,,,,,
668,Z0790,Z0795,Z0796,Z0801,Z0802,Z0803,Z0804,Z0805,Z0806,Z0807,Z0808,Z0809,Z0810,Z0820,,,,,,,,,,,,,,,,,,
669,Z1087,Z1100,Z1111,Z1114,Z1121,Z1131,Z1608,,,,,,,,,,,,,,,,,,,,,,,,,
670,Z0644,Z0923,Z0924,Z0972,Z0973,Z0983,Z0987,Z0992,Z0997,Z1036,Z1040,Z1058,Z1061,Z1656,Z1696,Z1714,Z1971,,,,,,,,,,,,,,,
681,Z0794,Z0814,Z0815,Z0816,Z0817,Z1728,,,,,,,,,,,,,,,,,,,,,,,,,,
683,Z0019,Z0127,Z0645,Z1319,Z1321,Z1322,Z1725,,,,,,,,,,,,,,,,,,,,,,,,,
691,Z0646,Z0647,Z0648,,,,,,,,,,,,,,,,,,,,,,,,,,,,,
694,Z1351,Z1352,Z1848,,,,,,,,,,,,,,,,,,,,,,,,,,,,,
696,Z1383,,,,,,,,,,,,,,,,,,,,,,,,,,,,,,,
697,Z1017,Z1027,Z1028,Z1048,Z1129,,,,,,,,,,,,,,,,,,,,,,,,,,,
698,Z1138,,,,,,,,,,,,,,,,,,,,,,,,,,,,,,,
712,Z1075,,,,,,,,,,,,,,,,,,,,,,,,,,,,,,,
713,Z1074,Z1175,Z1200,,,,,,,,,,,,,,,,,,,,,,,,,,,,,
714,Z1586,,,,,,,,,,,,,,,,,,,,,,,,,,,,,,,
715,Z0288,Z0289,Z0290,Z1747,,,,,,,,,,,,,,,,,,,,,,,,,,,,
732,Z0304,,,,,,,,,,,,,,,,,,,,,,,,,,,,,,,
733,Z0291,,,,,,,,,,,,,,,,,,,,,,,,,,,,,,,
734,Z0303,,,,,,,,,,,,,,,,,,,,,,,,,,,,,,,
744,Z0131,,,,,,,,,,,,,,,,,,,,,,,,,,,,,,,
747,Z1191,Z1199,,,,,,,,,,,,,,,,,,,,,,,,,,,,,,
748,Z0090,Z0119,Z0196,Z1171,Z1197,Z1198,Z1766,Z1768,,,,,,,,,,,,,,,,,,,,,,,,
758,Z0336,,,,,,,,,,,,,,,,,,,,,,,,,,,,,,,
769,Z0120,,,,,,,,,,,,,,,,,,,,,,,,,,,,,,,
770,Z0132,,,,,,,,,,,,,,,,,,,,,,,,,,,,,,,
773,Z0000,,,,,,,,,,,,,,,,,,,,,,,,,,,,,,,
776,Z0135,Z1162,Z1755,,,,,,,,,,,,,,,,,,,,,,,,,,,,,
779,Z0283,Z0284,Z0285,Z0286,,,,,,,,,,,,,,,,,,,,,,,,,,,,
780,Z0287,Z1582,Z1584,,,,,,,,,,,,,,,,,,,,,,,,,,,,,
781,Z0026,Z0292,Z0293,Z1583,,,,,,,,,,,,,,,,,,,,,,,,,,,,
785,Z0338,,,,,,,,,,,,,,,,,,,,,,,,,,,,,,,
794,Z0134,,,,,,,,,,,,,,,,,,,,,,,,,,,,,,,
795,Z0305,Z0306,,,,,,,,,,,,,,,,,,,,,,,,,,,,,,
796,Z0061,Z0062,Z1615,Z1756,,,,,,,,,,,,,,,,,,,,,,,,,,,,
802,Z0357,Z0358,Z1850,Z1851,Z1852,Z1853,Z1855,Z1856,,,,,,,,,,,,,,,,,,,,,,,,
803,Z0344,Z1601,Z1602,Z1981,Z1983,,,,,,,,,,,,,,,,,,,,,,,,,,,
805,Z0324,Z0325,Z0326,Z0327,Z0328,Z0329,Z0330,Z0331,Z1616,Z1617,Z1618,Z1619,,,,,,,,,,,,,,,,,,,,
806,Z0195,Z1174,,,,,,,,,,,,,,,,,,,,,,,,,,,,,,
807,Z1152,Z1156,Z1158,Z1159,Z1160,Z1165,Z1168,Z1169,Z1170,Z1693,Z1694,,,,,,,,,,,,,,,,,,,,,
808,Z0854,,,,,,,,,,,,,,,,,,,,,,,,,,,,,,,
809,Z0191,Z0192,Z0193,Z1153,Z1154,Z1157,Z1161,Z1163,Z1164,Z1167,Z1763,Z1764,,,,,,,,,,,,,,,,,,,,
817,Z1242,,,,,,,,,,,,,,,,,,,,,,,,,,,,,,,
839,Z0209,,,,,,,,,,,,,,,,,,,,,,,,,,,,,,,
841,Z0687,Z0691,Z0692,Z0693,Z0696,Z0700,Z0701,Z0702,Z0703,Z0722,Z0723,Z0725,Z0726,Z0727,Z1414,Z1561,Z1562,Z1606,Z1622,Z1623,Z1624,Z1625,Z1626,,,,,,,,,
842,Z0359,Z0360,Z0361,Z0362,Z0363,Z0364,Z0365,Z0366,,,,,,,,,,,,,,,,,,,,,,,,
843,Z1002,,,,,,,,,,,,,,,,,,,,,,,,,,,,,,,
844,Z0300,Z0301,Z0302,,,,,,,,,,,,,,,,,,,,,,,,,,,,,
845,Z0254,,,,,,,,,,,,,,,,,,,,,,,,,,,,,,,
846,Z0257,Z0258,Z0259,Z0260,Z1588,Z1651,Z1652,,,,,,,,,,,,,,,,,,,,,,,,,
854,Z0341,Z0342,,,,,,,,,,,,,,,,,,,,,,,,,,,,,,
855,Z0339,Z0340,Z1597,Z1598,,,,,,,,,,,,,,,,,,,,,,,,,,,,
856,Z1110,,,,,,,,,,,,,,,,,,,,,,,,,,,,,,,
857,Z1695,,,,,,,,,,,,,,,,,,,,,,,,,,,,,,,
858,Z1076,Z1119,Z1134,,,,,,,,,,,,,,,,,,,,,,,,,,,,,
859,Z1112,Z1135,Z1136,Z1139,Z1568,,,,,,,,,,,,,,,,,,,,,,,,,,,
860,Z0676,,,,,,,,,,,,,,,,,,,,,,,,,,,,,,,
862,Z0719,Z0728,Z0729,Z0730,,,,,,,,,,,,,,,,,,,,,,,,,,,,
863,Z0253,,,,,,,,,,,,,,,,,,,,,,,,,,,,,,,
864,Z0732,Z0733,Z0734,Z0736,Z0737,Z1563,Z1564,Z1599,,,,,,,,,,,,,,,,,,,,,,,,
865,Z1155,,,,,,,,,,,,,,,,,,,,,,,,,,,,,,,
866,Z1403,,,,,,,,,,,,,,,,,,,,,,,,,,,,,,,
868,Z0089,,,,,,,,,,,,,,,,,,,,,,,,,,,,,,,
875,Z0133,Z0197,Z0198,,,,,,,,,,,,,,,,,,,,,,,,,,,,,
883,Z0121,Z0122,Z0125,Z0126,Z0143,Z1649,,,,,,,,,,,,,,,,,,,,,,,,,,
886,Z0680,Z0681,,,,,,,,,,,,,,,,,,,,,,,,,,,,,,
887,Z0251,,,,,,,,,,,,,,,,,,,,,,,,,,,,,,,
888,Z0252,,,,,,,,,,,,,,,,,,,,,,,,,,,,,,,
889,Z0677,Z0678,Z0679,Z1527,Z1528,Z1529,Z1530,Z1531,Z1535,Z1687,Z1765,,,,,,,,,,,,,,,,,,,,,
891,Z1166,Z1182,Z1192,Z1194,Z1201,Z1202,Z1691,Z1767,,,,,,,,,,,,,,,,,,,,,,,,
893,Z0216,Z1452,,,,,,,,,,,,,,,,,,,,,,,,,,,,,,
894,Z0296,,,,,,,,,,,,,,,,,,,,,,,,,,,,,,,
895,Z0256,,,,,,,,,,,,,,,,,,,,,,,,,,,,,,,
896,Z0312,,,,,,,,,,,,,,,,,,,,,,,,,,,,,,,
897,Z0255,,,,,,,,,,,,,,,,,,,,,,,,,,,,,,,
902,Z0144,,,,,,,,,,,,,,,,,,,,,,,,,,,,,,,
903,Z0307,,,,,,,,,,,,,,,,,,,,,,,,,,,,,,,
904,Z1603,,,,,,,,,,,,,,,,,,,,,,,,,,,,,,,
906,Z1140,Z1141,,,,,,,,,,,,,,,,,,,,,,,,,,,,,,
919,Z1179,,,,,,,,,,,,,,,,,,,,,,,,,,,,,,,
920,Z0611,Z1177,,,,,,,,,,,,,,,,,,,,,,,,,,,,,,
921,Z0367,Z0368,Z1854,,,,,,,,,,,,,,,,,,,,,,,,,,,,,
928,Z0189,Z1070,Z1354,Z1759,Z1760,,,,,,,,,,,,,,,,,,,,,,,,,,,
932,Z0665,Z0998,Z0999,Z1000,Z1012,Z1014,Z1019,Z1025,Z1029,Z1033,Z1038,Z1041,Z1056,Z1064,Z1646,,,,,,,,,,,,,,,,,
933,Z1051,Z1059,Z1060,Z1062,,,,,,,,,,,,,,,,,,,,,,,,,,,,
939,Z1001,,,,,,,,,,,,,,,,,,,,,,,,,,,,,,,
942,Z0689,Z0690,Z0694,Z0695,Z0697,Z0698,Z0699,Z0704,Z0705,Z0706,Z0707,Z0708,Z0709,Z0710,Z0711,Z0712,Z0713,Z0714,Z0715,Z0716,Z0717,Z0718,Z1605,Z1784,,,,,,,,
946,Z0650,Z1109,Z1115,Z1118,Z1124,Z1609,Z1610,,,,,,,,,,,,,,,,,,,,,,,,,
948,Z0205,,,,,,,,,,,,,,,,,,,,,,,,,,,,,,,
951,Z1546,,,,,,,,,,,,,,,,,,,,,,,,,,,,,,,
952,Z0147,Z1648,,,,,,,,,,,,,,,,,,,,,,,,,,,,,,
954,Z0720,Z0721,Z0724,Z1565,,,,,,,,,,,,,,,,,,,,,,,,,,,,
956,Z0610,Z1184,Z1193,,,,,,,,,,,,,,,,,,,,,,,,,,,,,
957,Z0146,Z1178,Z1183,Z1196,Z1769,,,,,,,,,,,,,,,,,,,,,,,,,,,
958,Z0672,Z0673,Z0674,Z0675,Z1353,Z1594,Z1595,Z1596,,,,,,,,,,,,,,,,,,,,,,,,
961,Z1072,Z1090,Z1133,Z1137,,,,,,,,,,,,,,,,,,,,,,,,,,,,
962,Z1185,Z1190,Z1771,,,,,,,,,,,,,,,,,,,,,,,,,,,,,
963,Z0145,,,,,,,,,,,,,,,,,,,,,,,,,,,,,,,
971,Z1783,,,,,,,,,,,,,,,,,,,,,,,,,,,,,,,
973,Z0027,Z1101,Z1122,Z1757,Z1947,,,,,,,,,,,,,,,,,,,,,,,,,,,
974,Z0910,,,,,,,,,,,,,,,,,,,,,,,,,,,,,,,
975,Z1744,Z1790,,,,,,,,,,,,,,,,,,,,,,,,,,,,,,
976,Z0669,Z0911,Z0913,Z0918,,,,,,,,,,,,,,,,,,,,,,,,,,,,
979,Z1782,,,,,,,,,,,,,,,,,,,,,,,,,,,,,,,
983,Z0030,,,,,,,,,,,,,,,,,,,,,,,,,,,,,,,
984,Z0612,Z1650,,,,,,,,,,,,,,,,,,,,,,,,,,,,,,
985,Z0080,Z1097,Z1453,Z1560,Z1634,Z1635,Z1636,Z1638,Z1639,,,,,,,,,,,,,,,,,,,,,,,
986,Z1127,Z1128,,,,,,,,,,,,,,,,,,,,,,,,,,,,,,
988,Z1320,,,,,,,,,,,,,,,,,,,,,,,,,,,,,,,
997,Z1015,Z1016,Z1022,Z1031,Z1043,Z1045,Z1049,Z1055,Z1057,Z1653,Z1654,,,,,,,,,,,,,,,,,,,,,
1004,Z1946,,,,,,,,,,,,,,,,,,,,,,,,,,,,,,,
1008,Z0909,,,,,,,,,,,,,,,,,,,,,,,,,,,,,,,
1013,Z0731,,,,,,,,,,,,,,,,,,,,,,,,,,,,,,,
1026,Z0867,Z0868,,,,,,,,,,,,,,,,,,,,,,,,,,,,,,
1028,Z0922,,,,,,,,,,,,,,,,,,,,,,,,,,,,,,,
1030,Z0670,Z1591,,,,,,,,,,,,,,,,,,,,,,,,,,,,,,
1031,Z1095,Z1758,,,,,,,,,,,,,,,,,,,,,,,,,,,,,,
1032,Z1968,,,,,,,,,,,,,,,,,,,,,,,,,,,,,,,
1034,Z1189,,,,,,,,,,,,,,,,,,,,,,,,,,,,,,,
1036,Z1176,Z1770,,,,,,,,,,,,,,,,,,,,,,,,,,,,,,
1042,Z0314,Z0315,,,,,,,,,,,,,,,,,,,,,,,,,,,,,,
1043,Z0031,Z0263,Z0264,Z0866,,,,,,,,,,,,,,,,,,,,,,,,,,,,
1045,Z1007,Z1010,,,,,,,,,,,,,,,,,,,,,,,,,,,,,,
1047,Z1003,Z1004,Z1008,Z1011,,,,,,,,,,,,,,,,,,,,,,,,,,,,
1048,Z1006,Z1753,,,,,,,,,,,,,,,,,,,,,,,,,,,,,,
1049,Z0265,Z0266,Z0267,Z0268,Z0269,Z0270,Z1600,Z1604,,,,,,,,,,,,,,,,,,,,,,,,
1050,Z0313,,,,,,,,,,,,,,,,,,,,,,,,,,,,,,,
1051,Z1099,Z1589,,,,,,,,,,,,,,,,,,,,,,,,,,,,,,
1052,Z0261,Z0262,Z1587,,,,,,,,,,,,,,,,,,,,,,,,,,,,,
1056,Z0308,Z0309,Z0310,Z0311,,,,,,,,,,,,,,,,,,,,,,,,,,,,
1058,Z1005,Z1009,,,,,,,,,,,,,,,,,,,,,,,,,,,,,,
1059,Z0671,Z1620,,,,,,,,,,,,,,,,,,,,,,,,,,,,,,
1060,Z1092,Z1592,Z1593,,,,,,,,,,,,,,,,,,,,,,,,,,,,,
1073,Z0190,Z1532,Z1533,Z1534,Z1536,Z1537,,,,,,,,,,,,,,,,,,,,,,,,,,
1077,Z1104,Z1105,Z1590,,,,,,,,,,,,,,,,,,,,,,,,,,,,,
1078,Z1125,,,,,,,,,,,,,,,,,,,,,,,,,,,,,,,
